,controller_name,episode,reward_mean,reward_sum,query_cost_mean,query_cost_sum,query_cost_weight,accuracy_cost_mean,accuracy_cost_sum,accuracy_weight,cloud_query_budget_frac
0,curr_cloud,512,-2.6163522012578615,-416.0,2.1132075471698113,336.0,1.0,0.050314465408805034,8.0,10.0,0.8
0,curr_cloud,2,-6.890243902439025,-565.0,0.18292682926829268,15.0,1.0,0.6707317073170732,55.0,10.0,0.05
0,curr_cloud,518,-2.1761006289308176,-346.0,2.1132075471698113,336.0,1.0,0.006289308176100629,1.0,10.0,0.8
0,curr_cloud,8,-5.426829268292683,-445.0,0.18292682926829268,15.0,1.0,0.524390243902439,43.0,10.0,0.05
0,curr_cloud,524,-2.490566037735849,-396.0,2.1132075471698113,336.0,1.0,0.03773584905660377,6.0,10.0,0.8
0,curr_cloud,14,-6.158536585365853,-505.0,0.18292682926829268,15.0,1.0,0.5975609756097561,49.0,10.0,0.05
0,curr_cloud,530,-2.1132075471698113,-336.0,2.1132075471698113,336.0,1.0,0.0,0.0,10.0,0.8
0,curr_cloud,20,-7.621951219512195,-625.0,0.18292682926829268,15.0,1.0,0.7439024390243902,61.0,10.0,0.05
0,curr_cloud,536,-2.30188679245283,-366.0,2.1132075471698113,336.0,1.0,0.018867924528301886,3.0,10.0,0.8
0,curr_cloud,26,-6.158536585365853,-505.0,0.18292682926829268,15.0,1.0,0.5975609756097561,49.0,10.0,0.05
0,curr_cloud,542,-2.30188679245283,-366.0,2.1132075471698113,336.0,1.0,0.018867924528301886,3.0,10.0,0.8
0,curr_cloud,32,-7.621951219512195,-625.0,0.18292682926829268,15.0,1.0,0.7439024390243902,61.0,10.0,0.05
0,curr_cloud,548,-2.1761006289308176,-346.0,2.1132075471698113,336.0,1.0,0.006289308176100629,1.0,10.0,0.8
0,curr_cloud,38,-6.7682926829268295,-555.0,0.18292682926829268,15.0,1.0,0.6585365853658537,54.0,10.0,0.05
0,curr_cloud,554,-2.490566037735849,-396.0,2.1132075471698113,336.0,1.0,0.03773584905660377,6.0,10.0,0.8
0,curr_cloud,44,-6.280487804878049,-515.0,0.18292682926829268,15.0,1.0,0.6097560975609756,50.0,10.0,0.05
0,curr_cloud,560,-2.6163522012578615,-416.0,2.1132075471698113,336.0,1.0,0.050314465408805034,8.0,10.0,0.8
0,curr_cloud,50,-4.451219512195122,-365.0,0.18292682926829268,15.0,1.0,0.4268292682926829,35.0,10.0,0.05
0,curr_cloud,566,-2.1132075471698113,-336.0,2.1132075471698113,336.0,1.0,0.0,0.0,10.0,0.8
0,curr_cloud,56,-7.5,-615.0,0.18292682926829268,15.0,1.0,0.7317073170731707,60.0,10.0,0.05
0,curr_cloud,572,-2.5534591194968552,-406.0,2.1132075471698113,336.0,1.0,0.0440251572327044,7.0,10.0,0.8
0,curr_cloud,62,-7.012195121951219,-575.0,0.18292682926829268,15.0,1.0,0.6829268292682927,56.0,10.0,0.05
0,curr_cloud,578,-2.490566037735849,-396.0,2.1132075471698113,336.0,1.0,0.03773584905660377,6.0,10.0,0.8
0,curr_cloud,68,-5.182926829268292,-425.0,0.18292682926829268,15.0,1.0,0.5,41.0,10.0,0.05
0,curr_cloud,584,-2.6163522012578615,-416.0,2.1132075471698113,336.0,1.0,0.050314465408805034,8.0,10.0,0.8
0,curr_cloud,74,-6.524390243902439,-535.0,0.18292682926829268,15.0,1.0,0.6341463414634146,52.0,10.0,0.05
0,curr_cloud,590,-2.5534591194968552,-406.0,2.1132075471698113,336.0,1.0,0.0440251572327044,7.0,10.0,0.8
0,curr_cloud,80,-6.158536585365853,-505.0,0.18292682926829268,15.0,1.0,0.5975609756097561,49.0,10.0,0.05
0,curr_cloud,596,-3.056603773584906,-486.0,2.1132075471698113,336.0,1.0,0.09433962264150944,15.0,10.0,0.8
0,curr_cloud,86,-6.890243902439025,-565.0,0.18292682926829268,15.0,1.0,0.6707317073170732,55.0,10.0,0.05
0,curr_cloud,602,-2.3144654088050314,-368.0,2.3144654088050314,368.0,1.0,0.0,0.0,10.0,0.9
0,curr_cloud,92,-6.890243902439025,-565.0,0.18292682926829268,15.0,1.0,0.6707317073170732,55.0,10.0,0.05
0,curr_cloud,608,-2.691823899371069,-428.0,2.3144654088050314,368.0,1.0,0.03773584905660377,6.0,10.0,0.9
0,curr_cloud,98,-6.890243902439025,-565.0,0.18292682926829268,15.0,1.0,0.6707317073170732,55.0,10.0,0.05
0,curr_cloud,614,-2.691823899371069,-428.0,2.3144654088050314,368.0,1.0,0.03773584905660377,6.0,10.0,0.9
0,curr_cloud,104,-6.890243902439025,-565.0,0.18292682926829268,15.0,1.0,0.6707317073170732,55.0,10.0,0.05
0,curr_cloud,620,-2.3144654088050314,-368.0,2.3144654088050314,368.0,1.0,0.0,0.0,10.0,0.9
0,curr_cloud,110,-6.7682926829268295,-555.0,0.18292682926829268,15.0,1.0,0.6585365853658537,54.0,10.0,0.05
0,curr_cloud,626,-2.7547169811320753,-438.0,2.3144654088050314,368.0,1.0,0.0440251572327044,7.0,10.0,0.9
0,curr_cloud,116,-6.402439024390244,-525.0,0.18292682926829268,15.0,1.0,0.6219512195121951,51.0,10.0,0.05
0,curr_cloud,632,-2.3144654088050314,-368.0,2.3144654088050314,368.0,1.0,0.0,0.0,10.0,0.9
0,curr_cloud,122,-1.6344086021505377,-152.0,0.6666666666666666,62.0,1.0,0.0967741935483871,9.0,10.0,0.15
0,curr_cloud,638,-2.3773584905660377,-378.0,2.3144654088050314,368.0,1.0,0.006289308176100629,1.0,10.0,0.9
0,curr_cloud,128,-1.7419354838709677,-162.0,0.6666666666666666,62.0,1.0,0.10752688172043011,10.0,10.0,0.15
0,curr_cloud,644,-2.3144654088050314,-368.0,2.3144654088050314,368.0,1.0,0.0,0.0,10.0,0.9
0,curr_cloud,134,-2.3870967741935485,-222.0,0.6666666666666666,62.0,1.0,0.17204301075268819,16.0,10.0,0.15
0,curr_cloud,650,-2.3144654088050314,-368.0,2.3144654088050314,368.0,1.0,0.0,0.0,10.0,0.9
0,curr_cloud,140,-1.956989247311828,-182.0,0.6666666666666666,62.0,1.0,0.12903225806451613,12.0,10.0,0.15
0,curr_cloud,656,-2.3773584905660377,-378.0,2.3144654088050314,368.0,1.0,0.006289308176100629,1.0,10.0,0.9
0,curr_cloud,146,-2.4946236559139785,-232.0,0.6666666666666666,62.0,1.0,0.1827956989247312,17.0,10.0,0.15
0,curr_cloud,662,-2.3773584905660377,-378.0,2.3144654088050314,368.0,1.0,0.006289308176100629,1.0,10.0,0.9
0,curr_cloud,152,-2.2795698924731185,-212.0,0.6666666666666666,62.0,1.0,0.16129032258064516,15.0,10.0,0.15
0,curr_cloud,668,-2.3773584905660377,-378.0,2.3144654088050314,368.0,1.0,0.006289308176100629,1.0,10.0,0.9
0,curr_cloud,158,-2.7096774193548385,-252.0,0.6666666666666666,62.0,1.0,0.20430107526881722,19.0,10.0,0.15
0,curr_cloud,674,-2.691823899371069,-428.0,2.3144654088050314,368.0,1.0,0.03773584905660377,6.0,10.0,0.9
0,curr_cloud,164,-1.956989247311828,-182.0,0.6666666666666666,62.0,1.0,0.12903225806451613,12.0,10.0,0.15
0,curr_cloud,680,-2.3144654088050314,-368.0,2.3144654088050314,368.0,1.0,0.0,0.0,10.0,0.9
0,curr_cloud,170,-1.956989247311828,-182.0,0.6666666666666666,62.0,1.0,0.12903225806451613,12.0,10.0,0.15
0,curr_cloud,686,-2.3144654088050314,-368.0,2.3144654088050314,368.0,1.0,0.0,0.0,10.0,0.9
0,curr_cloud,176,-2.064516129032258,-192.0,0.6666666666666666,62.0,1.0,0.13978494623655913,13.0,10.0,0.15
0,curr_cloud,692,-2.7547169811320753,-438.0,2.3144654088050314,368.0,1.0,0.0440251572327044,7.0,10.0,0.9
0,curr_cloud,182,-2.3870967741935485,-222.0,0.6666666666666666,62.0,1.0,0.17204301075268819,16.0,10.0,0.15
0,curr_cloud,698,-2.691823899371069,-428.0,2.3144654088050314,368.0,1.0,0.03773584905660377,6.0,10.0,0.9
0,curr_cloud,188,-2.7096774193548385,-252.0,0.6666666666666666,62.0,1.0,0.20430107526881722,19.0,10.0,0.15
0,curr_cloud,704,-2.3144654088050314,-368.0,2.3144654088050314,368.0,1.0,0.0,0.0,10.0,0.9
0,curr_cloud,194,-2.3870967741935485,-222.0,0.6666666666666666,62.0,1.0,0.17204301075268819,16.0,10.0,0.15
0,curr_cloud,710,-2.7547169811320753,-438.0,2.3144654088050314,368.0,1.0,0.0440251572327044,7.0,10.0,0.9
0,curr_cloud,200,-1.6344086021505377,-152.0,0.6666666666666666,62.0,1.0,0.0967741935483871,9.0,10.0,0.15
0,curr_cloud,716,-2.7547169811320753,-438.0,2.3144654088050314,368.0,1.0,0.0440251572327044,7.0,10.0,0.9
0,curr_cloud,206,-1.3118279569892473,-122.0,0.6666666666666666,62.0,1.0,0.06451612903225806,6.0,10.0,0.15
0,curr_cloud,722,-2.4150943396226414,-384.0,2.4150943396226414,384.0,1.0,0.0,0.0,10.0,0.95
0,curr_cloud,212,-3.139784946236559,-292.0,0.6666666666666666,62.0,1.0,0.24731182795698925,23.0,10.0,0.15
0,curr_cloud,728,-2.540880503144654,-404.0,2.4150943396226414,384.0,1.0,0.012578616352201259,2.0,10.0,0.95
0,curr_cloud,218,-1.096774193548387,-102.0,0.6666666666666666,62.0,1.0,0.043010752688172046,4.0,10.0,0.15
0,curr_cloud,734,-2.540880503144654,-404.0,2.4150943396226414,384.0,1.0,0.012578616352201259,2.0,10.0,0.95
0,curr_cloud,224,-1.6344086021505377,-152.0,0.6666666666666666,62.0,1.0,0.0967741935483871,9.0,10.0,0.15
0,curr_cloud,740,-2.4150943396226414,-384.0,2.4150943396226414,384.0,1.0,0.0,0.0,10.0,0.95
0,curr_cloud,230,-2.817204301075269,-262.0,0.6666666666666666,62.0,1.0,0.21505376344086022,20.0,10.0,0.15
0,curr_cloud,746,-2.6037735849056602,-414.0,2.4150943396226414,384.0,1.0,0.018867924528301886,3.0,10.0,0.95
0,curr_cloud,236,-2.172043010752688,-202.0,0.6666666666666666,62.0,1.0,0.15053763440860216,14.0,10.0,0.15
0,curr_cloud,752,-2.4150943396226414,-384.0,2.4150943396226414,384.0,1.0,0.0,0.0,10.0,0.95
0,curr_cloud,242,-1.1603773584905661,-123.0,1.1603773584905661,123.0,1.0,0.0,0.0,10.0,0.3
0,curr_cloud,758,-2.4779874213836477,-394.0,2.4150943396226414,384.0,1.0,0.006289308176100629,1.0,10.0,0.95
0,curr_cloud,248,-1.349056603773585,-143.0,1.1603773584905661,123.0,1.0,0.018867924528301886,2.0,10.0,0.3
0,curr_cloud,764,-2.4150943396226414,-384.0,2.4150943396226414,384.0,1.0,0.0,0.0,10.0,0.95
0,curr_cloud,254,-1.349056603773585,-143.0,1.1603773584905661,123.0,1.0,0.018867924528301886,2.0,10.0,0.3
0,curr_cloud,770,-2.4150943396226414,-384.0,2.4150943396226414,384.0,1.0,0.0,0.0,10.0,0.95
0,curr_cloud,260,-1.1603773584905661,-123.0,1.1603773584905661,123.0,1.0,0.0,0.0,10.0,0.3
0,curr_cloud,776,-2.4779874213836477,-394.0,2.4150943396226414,384.0,1.0,0.006289308176100629,1.0,10.0,0.95
0,curr_cloud,266,-1.4433962264150944,-153.0,1.1603773584905661,123.0,1.0,0.02830188679245283,3.0,10.0,0.3
0,curr_cloud,782,-2.4779874213836477,-394.0,2.4150943396226414,384.0,1.0,0.006289308176100629,1.0,10.0,0.95
0,curr_cloud,272,-1.1603773584905661,-123.0,1.1603773584905661,123.0,1.0,0.0,0.0,10.0,0.3
0,curr_cloud,788,-2.4779874213836477,-394.0,2.4150943396226414,384.0,1.0,0.006289308176100629,1.0,10.0,0.95
0,curr_cloud,278,-1.2547169811320755,-133.0,1.1603773584905661,123.0,1.0,0.009433962264150943,1.0,10.0,0.3
0,curr_cloud,794,-2.540880503144654,-404.0,2.4150943396226414,384.0,1.0,0.012578616352201259,2.0,10.0,0.95
0,curr_cloud,284,-1.1603773584905661,-123.0,1.1603773584905661,123.0,1.0,0.0,0.0,10.0,0.3
0,curr_cloud,800,-2.4150943396226414,-384.0,2.4150943396226414,384.0,1.0,0.0,0.0,10.0,0.95
0,curr_cloud,290,-1.1603773584905661,-123.0,1.1603773584905661,123.0,1.0,0.0,0.0,10.0,0.3
0,curr_cloud,806,-2.4150943396226414,-384.0,2.4150943396226414,384.0,1.0,0.0,0.0,10.0,0.95
0,curr_cloud,296,-1.2547169811320755,-133.0,1.1603773584905661,123.0,1.0,0.009433962264150943,1.0,10.0,0.3
0,curr_cloud,812,-2.6037735849056602,-414.0,2.4150943396226414,384.0,1.0,0.018867924528301886,3.0,10.0,0.95
0,curr_cloud,302,-1.2547169811320755,-133.0,1.1603773584905661,123.0,1.0,0.009433962264150943,1.0,10.0,0.3
0,curr_cloud,818,-2.540880503144654,-404.0,2.4150943396226414,384.0,1.0,0.012578616352201259,2.0,10.0,0.95
0,curr_cloud,308,-1.2547169811320755,-133.0,1.1603773584905661,123.0,1.0,0.009433962264150943,1.0,10.0,0.3
0,curr_cloud,824,-2.4150943396226414,-384.0,2.4150943396226414,384.0,1.0,0.0,0.0,10.0,0.95
0,curr_cloud,314,-1.349056603773585,-143.0,1.1603773584905661,123.0,1.0,0.018867924528301886,2.0,10.0,0.3
0,curr_cloud,830,-2.6037735849056602,-414.0,2.4150943396226414,384.0,1.0,0.018867924528301886,3.0,10.0,0.95
0,curr_cloud,320,-1.1603773584905661,-123.0,1.1603773584905661,123.0,1.0,0.0,0.0,10.0,0.3
0,curr_cloud,836,-2.6037735849056602,-414.0,2.4150943396226414,384.0,1.0,0.018867924528301886,3.0,10.0,0.95
0,curr_cloud,326,-1.1603773584905661,-123.0,1.1603773584905661,123.0,1.0,0.0,0.0,10.0,0.3
0,curr_cloud,332,-1.4433962264150944,-153.0,1.1603773584905661,123.0,1.0,0.02830188679245283,3.0,10.0,0.3
0,curr_cloud,338,-1.349056603773585,-143.0,1.1603773584905661,123.0,1.0,0.018867924528301886,2.0,10.0,0.3
0,curr_cloud,344,-1.1603773584905661,-123.0,1.1603773584905661,123.0,1.0,0.0,0.0,10.0,0.3
0,curr_cloud,350,-1.4433962264150944,-153.0,1.1603773584905661,123.0,1.0,0.02830188679245283,3.0,10.0,0.3
0,curr_cloud,356,-1.4433962264150944,-153.0,1.1603773584905661,123.0,1.0,0.02830188679245283,3.0,10.0,0.3
0,curr_cloud,362,-1.7983193277310925,-214.0,1.546218487394958,184.0,1.0,0.025210084033613446,3.0,10.0,0.45
0,curr_cloud,368,-2.0504201680672267,-244.0,1.546218487394958,184.0,1.0,0.05042016806722689,6.0,10.0,0.45
0,curr_cloud,374,-2.2184873949579833,-264.0,1.546218487394958,184.0,1.0,0.06722689075630252,8.0,10.0,0.45
0,curr_cloud,380,-1.8823529411764706,-224.0,1.546218487394958,184.0,1.0,0.03361344537815126,4.0,10.0,0.45
0,curr_cloud,386,-2.302521008403361,-274.0,1.546218487394958,184.0,1.0,0.07563025210084033,9.0,10.0,0.45
0,curr_cloud,392,-1.9663865546218486,-234.0,1.546218487394958,184.0,1.0,0.04201680672268908,5.0,10.0,0.45
0,curr_cloud,398,-2.134453781512605,-254.0,1.546218487394958,184.0,1.0,0.058823529411764705,7.0,10.0,0.45
0,curr_cloud,404,-1.8823529411764706,-224.0,1.546218487394958,184.0,1.0,0.03361344537815126,4.0,10.0,0.45
0,curr_cloud,410,-1.8823529411764706,-224.0,1.546218487394958,184.0,1.0,0.03361344537815126,4.0,10.0,0.45
0,curr_cloud,416,-1.9663865546218486,-234.0,1.546218487394958,184.0,1.0,0.04201680672268908,5.0,10.0,0.45
0,curr_cloud,422,-2.0504201680672267,-244.0,1.546218487394958,184.0,1.0,0.05042016806722689,6.0,10.0,0.45
0,curr_cloud,428,-2.134453781512605,-254.0,1.546218487394958,184.0,1.0,0.058823529411764705,7.0,10.0,0.45
0,curr_cloud,434,-2.2184873949579833,-264.0,1.546218487394958,184.0,1.0,0.06722689075630252,8.0,10.0,0.45
0,curr_cloud,440,-1.7983193277310925,-214.0,1.546218487394958,184.0,1.0,0.025210084033613446,3.0,10.0,0.45
0,curr_cloud,446,-1.7142857142857142,-204.0,1.546218487394958,184.0,1.0,0.01680672268907563,2.0,10.0,0.45
0,curr_cloud,452,-2.4705882352941178,-294.0,1.546218487394958,184.0,1.0,0.09243697478991597,11.0,10.0,0.45
0,curr_cloud,458,-1.8823529411764706,-224.0,1.546218487394958,184.0,1.0,0.03361344537815126,4.0,10.0,0.45
0,curr_cloud,464,-1.7983193277310925,-214.0,1.546218487394958,184.0,1.0,0.025210084033613446,3.0,10.0,0.45
0,curr_cloud,470,-2.3865546218487395,-284.0,1.546218487394958,184.0,1.0,0.08403361344537816,10.0,10.0,0.45
0,curr_cloud,476,-2.2184873949579833,-264.0,1.546218487394958,184.0,1.0,0.06722689075630252,8.0,10.0,0.45
0,curr_cloud,482,-2.1132075471698113,-336.0,2.1132075471698113,336.0,1.0,0.0,0.0,10.0,0.8
0,curr_cloud,488,-2.993710691823899,-476.0,2.1132075471698113,336.0,1.0,0.0880503144654088,14.0,10.0,0.8
0,curr_cloud,494,-2.8679245283018866,-456.0,2.1132075471698113,336.0,1.0,0.07547169811320754,12.0,10.0,0.8
0,curr_cloud,500,-2.6163522012578615,-416.0,2.1132075471698113,336.0,1.0,0.050314465408805034,8.0,10.0,0.8
0,curr_cloud,506,-2.5534591194968552,-406.0,2.1132075471698113,336.0,1.0,0.0440251572327044,7.0,10.0,0.8
0,pure_oracle,516,-0.6285714285714286,-66.0,0.6285714285714286,66.0,1.0,0.0,0.0,10.0,0.8
0,pure_oracle,6,-0.9714285714285714,-102.0,0.4,42.0,1.0,0.05714285714285714,6.0,10.0,0.05
0,pure_oracle,522,-0.780952380952381,-82.0,0.780952380952381,82.0,1.0,0.0,0.0,10.0,0.8
0,pure_oracle,12,-2.1142857142857143,-222.0,0.4,42.0,1.0,0.17142857142857143,18.0,10.0,0.05
0,pure_oracle,528,-0.5825242718446602,-60.0,0.5825242718446602,60.0,1.0,0.0,0.0,10.0,0.8
0,pure_oracle,18,-1.542857142857143,-162.0,0.4,42.0,1.0,0.11428571428571428,12.0,10.0,0.05
0,pure_oracle,534,-0.7788461538461539,-81.0,0.7788461538461539,81.0,1.0,0.0,0.0,10.0,0.8
0,pure_oracle,24,-0.9714285714285714,-102.0,0.4,42.0,1.0,0.05714285714285714,6.0,10.0,0.05
0,pure_oracle,540,-0.7047619047619048,-74.0,0.7047619047619048,74.0,1.0,0.0,0.0,10.0,0.8
0,pure_oracle,30,-0.3619047619047619,-38.0,0.3619047619047619,38.0,1.0,0.0,0.0,10.0,0.05
0,pure_oracle,546,-0.5865384615384616,-61.0,0.5865384615384616,61.0,1.0,0.0,0.0,10.0,0.8
0,pure_oracle,36,-1.8285714285714285,-192.0,0.4,42.0,1.0,0.14285714285714285,15.0,10.0,0.05
0,pure_oracle,552,-0.780952380952381,-82.0,0.780952380952381,82.0,1.0,0.0,0.0,10.0,0.8
0,pure_oracle,42,-1.3523809523809525,-142.0,0.4,42.0,1.0,0.09523809523809523,10.0,10.0,0.05
0,pure_oracle,558,-0.5784313725490197,-59.0,0.5784313725490197,59.0,1.0,0.0,0.0,10.0,0.8
0,pure_oracle,48,-0.6796116504854369,-70.0,0.3883495145631068,40.0,1.0,0.02912621359223301,3.0,10.0,0.05
0,pure_oracle,564,-0.5825242718446602,-60.0,0.5825242718446602,60.0,1.0,0.0,0.0,10.0,0.8
0,pure_oracle,54,-0.6826923076923077,-71.0,0.3942307692307692,41.0,1.0,0.028846153846153848,3.0,10.0,0.05
0,pure_oracle,570,-0.780952380952381,-82.0,0.780952380952381,82.0,1.0,0.0,0.0,10.0,0.8
0,pure_oracle,60,-1.2571428571428571,-132.0,0.4,42.0,1.0,0.08571428571428572,9.0,10.0,0.05
0,pure_oracle,576,-0.5904761904761905,-62.0,0.5904761904761905,62.0,1.0,0.0,0.0,10.0,0.8
0,pure_oracle,66,-0.6826923076923077,-71.0,0.3942307692307692,41.0,1.0,0.028846153846153848,3.0,10.0,0.05
0,pure_oracle,582,-0.780952380952381,-82.0,0.780952380952381,82.0,1.0,0.0,0.0,10.0,0.8
0,pure_oracle,72,-2.780952380952381,-292.0,0.4,42.0,1.0,0.23809523809523808,25.0,10.0,0.05
0,pure_oracle,588,-0.8571428571428571,-90.0,0.8571428571428571,90.0,1.0,0.0,0.0,10.0,0.8
0,pure_oracle,78,-0.38235294117647056,-39.0,0.38235294117647056,39.0,1.0,0.0,0.0,10.0,0.05
0,pure_oracle,594,-0.5346534653465347,-54.0,0.5346534653465347,54.0,1.0,0.0,0.0,10.0,0.8
0,pure_oracle,84,-0.3883495145631068,-40.0,0.3883495145631068,40.0,1.0,0.0,0.0,10.0,0.05
0,pure_oracle,600,-0.625,-65.0,0.625,65.0,1.0,0.0,0.0,10.0,0.8
0,pure_oracle,90,-1.542857142857143,-162.0,0.4,42.0,1.0,0.11428571428571428,12.0,10.0,0.05
0,pure_oracle,606,-0.5523809523809524,-58.0,0.5523809523809524,58.0,1.0,0.0,0.0,10.0,0.9
0,pure_oracle,96,-1.0666666666666667,-112.0,0.4,42.0,1.0,0.06666666666666667,7.0,10.0,0.05
0,pure_oracle,612,-0.8952380952380953,-94.0,0.8952380952380953,94.0,1.0,0.0,0.0,10.0,0.9
0,pure_oracle,102,-0.9714285714285714,-102.0,0.4,42.0,1.0,0.05714285714285714,6.0,10.0,0.05
0,pure_oracle,618,-0.5523809523809524,-58.0,0.5523809523809524,58.0,1.0,0.0,0.0,10.0,0.9
0,pure_oracle,108,-2.6857142857142855,-282.0,0.4,42.0,1.0,0.22857142857142856,24.0,10.0,0.05
0,pure_oracle,624,-0.5142857142857142,-54.0,0.5142857142857142,54.0,1.0,0.0,0.0,10.0,0.9
0,pure_oracle,114,-1.0693069306930694,-108.0,0.37623762376237624,38.0,1.0,0.06930693069306931,7.0,10.0,0.05
0,pure_oracle,630,-0.3619047619047619,-38.0,0.3619047619047619,38.0,1.0,0.0,0.0,10.0,0.9
0,pure_oracle,120,-0.9711538461538461,-101.0,0.3942307692307692,41.0,1.0,0.057692307692307696,6.0,10.0,0.05
0,pure_oracle,636,-0.6285714285714286,-66.0,0.6285714285714286,66.0,1.0,0.0,0.0,10.0,0.9
0,pure_oracle,126,-0.5523809523809524,-58.0,0.5523809523809524,58.0,1.0,0.0,0.0,10.0,0.15
0,pure_oracle,642,-0.780952380952381,-82.0,0.780952380952381,82.0,1.0,0.0,0.0,10.0,0.9
0,pure_oracle,132,-1.276190476190476,-134.0,0.7047619047619048,74.0,1.0,0.05714285714285714,6.0,10.0,0.15
0,pure_oracle,648,-0.5825242718446602,-60.0,0.5825242718446602,60.0,1.0,0.0,0.0,10.0,0.9
0,pure_oracle,138,-0.5523809523809524,-58.0,0.5523809523809524,58.0,1.0,0.0,0.0,10.0,0.15
0,pure_oracle,654,-0.7788461538461539,-81.0,0.7788461538461539,81.0,1.0,0.0,0.0,10.0,0.9
0,pure_oracle,144,-0.5142857142857142,-54.0,0.5142857142857142,54.0,1.0,0.0,0.0,10.0,0.15
0,pure_oracle,660,-0.7047619047619048,-74.0,0.7047619047619048,74.0,1.0,0.0,0.0,10.0,0.9
0,pure_oracle,150,-0.3619047619047619,-38.0,0.3619047619047619,38.0,1.0,0.0,0.0,10.0,0.15
0,pure_oracle,666,-0.5865384615384616,-61.0,0.5865384615384616,61.0,1.0,0.0,0.0,10.0,0.9
0,pure_oracle,156,-0.6285714285714286,-66.0,0.6285714285714286,66.0,1.0,0.0,0.0,10.0,0.15
0,pure_oracle,672,-0.780952380952381,-82.0,0.780952380952381,82.0,1.0,0.0,0.0,10.0,0.9
0,pure_oracle,162,-0.8,-84.0,0.7047619047619048,74.0,1.0,0.009523809523809525,1.0,10.0,0.15
0,pure_oracle,678,-0.5784313725490197,-59.0,0.5784313725490197,59.0,1.0,0.0,0.0,10.0,0.9
0,pure_oracle,168,-0.5825242718446602,-60.0,0.5825242718446602,60.0,1.0,0.0,0.0,10.0,0.15
0,pure_oracle,684,-0.5825242718446602,-60.0,0.5825242718446602,60.0,1.0,0.0,0.0,10.0,0.9
0,pure_oracle,174,-0.7019230769230769,-73.0,0.7019230769230769,73.0,1.0,0.0,0.0,10.0,0.15
0,pure_oracle,690,-0.780952380952381,-82.0,0.780952380952381,82.0,1.0,0.0,0.0,10.0,0.9
0,pure_oracle,180,-0.7047619047619048,-74.0,0.7047619047619048,74.0,1.0,0.0,0.0,10.0,0.15
0,pure_oracle,696,-0.5904761904761905,-62.0,0.5904761904761905,62.0,1.0,0.0,0.0,10.0,0.9
0,pure_oracle,186,-0.5865384615384616,-61.0,0.5865384615384616,61.0,1.0,0.0,0.0,10.0,0.15
0,pure_oracle,702,-0.780952380952381,-82.0,0.780952380952381,82.0,1.0,0.0,0.0,10.0,0.9
0,pure_oracle,192,-0.7047619047619048,-74.0,0.7047619047619048,74.0,1.0,0.0,0.0,10.0,0.15
0,pure_oracle,708,-0.8571428571428571,-90.0,0.8571428571428571,90.0,1.0,0.0,0.0,10.0,0.9
0,pure_oracle,198,-0.5784313725490197,-59.0,0.5784313725490197,59.0,1.0,0.0,0.0,10.0,0.15
0,pure_oracle,714,-0.5346534653465347,-54.0,0.5346534653465347,54.0,1.0,0.0,0.0,10.0,0.9
0,pure_oracle,204,-0.5825242718446602,-60.0,0.5825242718446602,60.0,1.0,0.0,0.0,10.0,0.15
0,pure_oracle,720,-0.625,-65.0,0.625,65.0,1.0,0.0,0.0,10.0,0.9
0,pure_oracle,210,-0.7047619047619048,-74.0,0.7047619047619048,74.0,1.0,0.0,0.0,10.0,0.15
0,pure_oracle,726,-0.5523809523809524,-58.0,0.5523809523809524,58.0,1.0,0.0,0.0,10.0,0.95
0,pure_oracle,216,-0.5904761904761905,-62.0,0.5904761904761905,62.0,1.0,0.0,0.0,10.0,0.15
0,pure_oracle,732,-0.8952380952380953,-94.0,0.8952380952380953,94.0,1.0,0.0,0.0,10.0,0.95
0,pure_oracle,222,-0.7047619047619048,-74.0,0.7047619047619048,74.0,1.0,0.0,0.0,10.0,0.15
0,pure_oracle,738,-0.5523809523809524,-58.0,0.5523809523809524,58.0,1.0,0.0,0.0,10.0,0.95
0,pure_oracle,228,-1.276190476190476,-134.0,0.7047619047619048,74.0,1.0,0.05714285714285714,6.0,10.0,0.15
0,pure_oracle,744,-0.5142857142857142,-54.0,0.5142857142857142,54.0,1.0,0.0,0.0,10.0,0.95
0,pure_oracle,234,-0.5346534653465347,-54.0,0.5346534653465347,54.0,1.0,0.0,0.0,10.0,0.15
0,pure_oracle,750,-0.3619047619047619,-38.0,0.3619047619047619,38.0,1.0,0.0,0.0,10.0,0.95
0,pure_oracle,240,-0.625,-65.0,0.625,65.0,1.0,0.0,0.0,10.0,0.15
0,pure_oracle,756,-0.6285714285714286,-66.0,0.6285714285714286,66.0,1.0,0.0,0.0,10.0,0.95
0,pure_oracle,246,-0.5523809523809524,-58.0,0.5523809523809524,58.0,1.0,0.0,0.0,10.0,0.3
0,pure_oracle,762,-0.780952380952381,-82.0,0.780952380952381,82.0,1.0,0.0,0.0,10.0,0.95
0,pure_oracle,252,-0.8952380952380953,-94.0,0.8952380952380953,94.0,1.0,0.0,0.0,10.0,0.3
0,pure_oracle,768,-0.5825242718446602,-60.0,0.5825242718446602,60.0,1.0,0.0,0.0,10.0,0.95
0,pure_oracle,258,-0.5523809523809524,-58.0,0.5523809523809524,58.0,1.0,0.0,0.0,10.0,0.3
0,pure_oracle,774,-0.7788461538461539,-81.0,0.7788461538461539,81.0,1.0,0.0,0.0,10.0,0.95
0,pure_oracle,264,-0.5142857142857142,-54.0,0.5142857142857142,54.0,1.0,0.0,0.0,10.0,0.3
0,pure_oracle,780,-0.7047619047619048,-74.0,0.7047619047619048,74.0,1.0,0.0,0.0,10.0,0.95
0,pure_oracle,270,-0.3619047619047619,-38.0,0.3619047619047619,38.0,1.0,0.0,0.0,10.0,0.3
0,pure_oracle,786,-0.5865384615384616,-61.0,0.5865384615384616,61.0,1.0,0.0,0.0,10.0,0.95
0,pure_oracle,276,-0.6285714285714286,-66.0,0.6285714285714286,66.0,1.0,0.0,0.0,10.0,0.3
0,pure_oracle,792,-0.780952380952381,-82.0,0.780952380952381,82.0,1.0,0.0,0.0,10.0,0.95
0,pure_oracle,282,-0.780952380952381,-82.0,0.780952380952381,82.0,1.0,0.0,0.0,10.0,0.3
0,pure_oracle,798,-0.5784313725490197,-59.0,0.5784313725490197,59.0,1.0,0.0,0.0,10.0,0.95
0,pure_oracle,288,-0.5825242718446602,-60.0,0.5825242718446602,60.0,1.0,0.0,0.0,10.0,0.3
0,pure_oracle,804,-0.5825242718446602,-60.0,0.5825242718446602,60.0,1.0,0.0,0.0,10.0,0.95
0,pure_oracle,294,-0.7788461538461539,-81.0,0.7788461538461539,81.0,1.0,0.0,0.0,10.0,0.3
0,pure_oracle,810,-0.780952380952381,-82.0,0.780952380952381,82.0,1.0,0.0,0.0,10.0,0.95
0,pure_oracle,300,-0.7047619047619048,-74.0,0.7047619047619048,74.0,1.0,0.0,0.0,10.0,0.3
0,pure_oracle,816,-0.5904761904761905,-62.0,0.5904761904761905,62.0,1.0,0.0,0.0,10.0,0.95
0,pure_oracle,306,-0.5865384615384616,-61.0,0.5865384615384616,61.0,1.0,0.0,0.0,10.0,0.3
0,pure_oracle,822,-0.780952380952381,-82.0,0.780952380952381,82.0,1.0,0.0,0.0,10.0,0.95
0,pure_oracle,312,-0.780952380952381,-82.0,0.780952380952381,82.0,1.0,0.0,0.0,10.0,0.3
0,pure_oracle,828,-0.8571428571428571,-90.0,0.8571428571428571,90.0,1.0,0.0,0.0,10.0,0.95
0,pure_oracle,318,-0.5784313725490197,-59.0,0.5784313725490197,59.0,1.0,0.0,0.0,10.0,0.3
0,pure_oracle,834,-0.5346534653465347,-54.0,0.5346534653465347,54.0,1.0,0.0,0.0,10.0,0.95
0,pure_oracle,324,-0.5825242718446602,-60.0,0.5825242718446602,60.0,1.0,0.0,0.0,10.0,0.3
0,pure_oracle,840,-0.625,-65.0,0.625,65.0,1.0,0.0,0.0,10.0,0.95
0,pure_oracle,330,-0.780952380952381,-82.0,0.780952380952381,82.0,1.0,0.0,0.0,10.0,0.3
0,pure_oracle,336,-0.5904761904761905,-62.0,0.5904761904761905,62.0,1.0,0.0,0.0,10.0,0.3
0,pure_oracle,342,-0.780952380952381,-82.0,0.780952380952381,82.0,1.0,0.0,0.0,10.0,0.3
0,pure_oracle,348,-0.8571428571428571,-90.0,0.8571428571428571,90.0,1.0,0.0,0.0,10.0,0.3
0,pure_oracle,354,-0.5346534653465347,-54.0,0.5346534653465347,54.0,1.0,0.0,0.0,10.0,0.3
0,pure_oracle,360,-0.625,-65.0,0.625,65.0,1.0,0.0,0.0,10.0,0.3
0,pure_oracle,366,-0.5523809523809524,-58.0,0.5523809523809524,58.0,1.0,0.0,0.0,10.0,0.45
0,pure_oracle,372,-0.8952380952380953,-94.0,0.8952380952380953,94.0,1.0,0.0,0.0,10.0,0.45
0,pure_oracle,378,-0.5523809523809524,-58.0,0.5523809523809524,58.0,1.0,0.0,0.0,10.0,0.45
0,pure_oracle,384,-0.5142857142857142,-54.0,0.5142857142857142,54.0,1.0,0.0,0.0,10.0,0.45
0,pure_oracle,390,-0.3619047619047619,-38.0,0.3619047619047619,38.0,1.0,0.0,0.0,10.0,0.45
0,pure_oracle,396,-0.6285714285714286,-66.0,0.6285714285714286,66.0,1.0,0.0,0.0,10.0,0.45
0,pure_oracle,402,-0.780952380952381,-82.0,0.780952380952381,82.0,1.0,0.0,0.0,10.0,0.45
0,pure_oracle,408,-0.5825242718446602,-60.0,0.5825242718446602,60.0,1.0,0.0,0.0,10.0,0.45
0,pure_oracle,414,-0.7788461538461539,-81.0,0.7788461538461539,81.0,1.0,0.0,0.0,10.0,0.45
0,pure_oracle,420,-0.7047619047619048,-74.0,0.7047619047619048,74.0,1.0,0.0,0.0,10.0,0.45
0,pure_oracle,426,-0.5865384615384616,-61.0,0.5865384615384616,61.0,1.0,0.0,0.0,10.0,0.45
0,pure_oracle,432,-0.780952380952381,-82.0,0.780952380952381,82.0,1.0,0.0,0.0,10.0,0.45
0,pure_oracle,438,-0.5784313725490197,-59.0,0.5784313725490197,59.0,1.0,0.0,0.0,10.0,0.45
0,pure_oracle,444,-0.5825242718446602,-60.0,0.5825242718446602,60.0,1.0,0.0,0.0,10.0,0.45
0,pure_oracle,450,-0.780952380952381,-82.0,0.780952380952381,82.0,1.0,0.0,0.0,10.0,0.45
0,pure_oracle,456,-0.5904761904761905,-62.0,0.5904761904761905,62.0,1.0,0.0,0.0,10.0,0.45
0,pure_oracle,462,-0.780952380952381,-82.0,0.780952380952381,82.0,1.0,0.0,0.0,10.0,0.45
0,pure_oracle,468,-0.8571428571428571,-90.0,0.8571428571428571,90.0,1.0,0.0,0.0,10.0,0.45
0,pure_oracle,474,-0.5346534653465347,-54.0,0.5346534653465347,54.0,1.0,0.0,0.0,10.0,0.45
0,pure_oracle,480,-0.625,-65.0,0.625,65.0,1.0,0.0,0.0,10.0,0.45
0,pure_oracle,486,-0.5523809523809524,-58.0,0.5523809523809524,58.0,1.0,0.0,0.0,10.0,0.8
0,pure_oracle,492,-0.8952380952380953,-94.0,0.8952380952380953,94.0,1.0,0.0,0.0,10.0,0.8
0,pure_oracle,498,-0.5523809523809524,-58.0,0.5523809523809524,58.0,1.0,0.0,0.0,10.0,0.8
0,pure_oracle,504,-0.5142857142857142,-54.0,0.5142857142857142,54.0,1.0,0.0,0.0,10.0,0.8
0,pure_oracle,510,-0.3619047619047619,-38.0,0.3619047619047619,38.0,1.0,0.0,0.0,10.0,0.8
0,random,513,-3.303703703703704,-446.0,1.3037037037037038,176.0,1.0,0.2,27.0,10.0,0.8
0,random,3,-4.279661016949152,-505.0,0.4661016949152542,55.0,1.0,0.3813559322033898,45.0,10.0,0.05
0,random,519,-3.5037593984962405,-466.0,1.2481203007518797,166.0,1.0,0.22556390977443608,30.0,10.0,0.8
0,random,9,-5.5966386554621845,-666.0,0.47058823529411764,56.0,1.0,0.5126050420168067,61.0,10.0,0.05
0,random,525,-3.221311475409836,-393.0,1.0081967213114753,123.0,1.0,0.22131147540983606,27.0,10.0,0.8
0,random,15,-4.051282051282051,-474.0,0.46153846153846156,54.0,1.0,0.358974358974359,42.0,10.0,0.05
0,random,531,-3.9844961240310077,-514.0,1.193798449612403,154.0,1.0,0.27906976744186046,36.0,10.0,0.8
0,random,21,-4.051282051282051,-474.0,0.46153846153846156,54.0,1.0,0.358974358974359,42.0,10.0,0.05
0,random,537,-3.5258620689655173,-409.0,1.1120689655172413,129.0,1.0,0.2413793103448276,28.0,10.0,0.8
0,random,27,-3.1478260869565218,-362.0,0.45217391304347826,52.0,1.0,0.26956521739130435,31.0,10.0,0.05
0,random,543,-3.6311475409836067,-443.0,1.0081967213114753,123.0,1.0,0.26229508196721313,32.0,10.0,0.8
0,random,33,-4.02542372881356,-475.0,0.4661016949152542,55.0,1.0,0.3559322033898305,42.0,10.0,0.05
0,random,549,-3.616,-452.0,1.136,142.0,1.0,0.248,31.0,10.0,0.8
0,random,39,-5.0423728813559325,-595.0,0.4661016949152542,55.0,1.0,0.4576271186440678,54.0,10.0,0.05
0,random,555,-3.5130434782608697,-404.0,0.9043478260869565,104.0,1.0,0.2608695652173913,30.0,10.0,0.8
0,random,45,-4.364406779661017,-515.0,0.4661016949152542,55.0,1.0,0.3898305084745763,46.0,10.0,0.05
0,random,561,-3.051470588235294,-415.0,1.3602941176470589,185.0,1.0,0.16911764705882354,23.0,10.0,0.8
0,random,51,-3.4344262295081966,-419.0,0.48360655737704916,59.0,1.0,0.29508196721311475,36.0,10.0,0.05
0,random,567,-3.389705882352941,-461.0,1.1838235294117647,161.0,1.0,0.22058823529411764,30.0,10.0,0.8
0,random,57,-4.071428571428571,-513.0,0.5,63.0,1.0,0.35714285714285715,45.0,10.0,0.05
0,random,573,-3.4488188976377954,-438.0,1.3228346456692914,168.0,1.0,0.2125984251968504,27.0,10.0,0.8
0,random,63,-3.574803149606299,-454.0,0.5039370078740157,64.0,1.0,0.30708661417322836,39.0,10.0,0.05
0,random,579,-3.7251908396946565,-488.0,1.282442748091603,168.0,1.0,0.24427480916030533,32.0,10.0,0.8
0,random,69,-4.939655172413793,-573.0,0.45689655172413796,53.0,1.0,0.4482758620689655,52.0,10.0,0.05
0,random,585,-3.659090909090909,-483.0,1.3106060606060606,173.0,1.0,0.23484848484848486,31.0,10.0,0.8
0,random,75,-4.391666666666667,-527.0,0.475,57.0,1.0,0.39166666666666666,47.0,10.0,0.05
0,random,591,-3.3333333333333335,-450.0,1.3333333333333333,180.0,1.0,0.2,27.0,10.0,0.8
0,random,81,-4.558333333333334,-547.0,0.475,57.0,1.0,0.4083333333333333,49.0,10.0,0.05
0,random,597,-3.2426470588235294,-441.0,1.3308823529411764,181.0,1.0,0.19117647058823528,26.0,10.0,0.8
0,random,87,-4.725,-567.0,0.475,57.0,1.0,0.425,51.0,10.0,0.05
0,random,603,-3.6198347107438016,-438.0,0.9752066115702479,118.0,1.0,0.2644628099173554,32.0,10.0,0.9
0,random,93,-3.5153846153846153,-457.0,0.5153846153846153,67.0,1.0,0.3,39.0,10.0,0.05
0,random,609,-5.141666666666667,-617.0,1.1416666666666666,137.0,1.0,0.4,48.0,10.0,0.9
0,random,99,-3.8677685950413223,-468.0,0.4793388429752066,58.0,1.0,0.33884297520661155,41.0,10.0,0.05
0,random,615,-3.139705882352941,-427.0,1.3014705882352942,177.0,1.0,0.18382352941176472,25.0,10.0,0.9
0,random,105,-4.23015873015873,-533.0,0.5,63.0,1.0,0.373015873015873,47.0,10.0,0.05
0,random,621,-3.8294573643410854,-494.0,1.193798449612403,154.0,1.0,0.26356589147286824,34.0,10.0,0.9
0,random,111,-4.017391304347826,-462.0,0.45217391304347826,52.0,1.0,0.3565217391304348,41.0,10.0,0.05
0,random,627,-3.1083333333333334,-373.0,1.1083333333333334,133.0,1.0,0.2,24.0,10.0,0.9
0,random,117,-4.528925619834711,-548.0,0.4793388429752066,58.0,1.0,0.4049586776859504,49.0,10.0,0.05
0,random,633,-3.6484375,-467.0,1.2265625,157.0,1.0,0.2421875,31.0,10.0,0.9
0,random,123,-3.825,-459.0,0.7416666666666667,89.0,1.0,0.30833333333333335,37.0,10.0,0.15
0,random,639,-4.455284552845528,-548.0,1.0406504065040652,128.0,1.0,0.34146341463414637,42.0,10.0,0.9
0,random,129,-4.408333333333333,-529.0,0.7416666666666667,89.0,1.0,0.36666666666666664,44.0,10.0,0.15
0,random,645,-3.120967741935484,-387.0,1.2661290322580645,157.0,1.0,0.18548387096774194,23.0,10.0,0.9
0,random,135,-4.270491803278689,-521.0,0.7459016393442623,91.0,1.0,0.3524590163934426,43.0,10.0,0.15
0,random,651,-3.8512396694214877,-466.0,1.2066115702479339,146.0,1.0,0.2644628099173554,32.0,10.0,0.9
0,random,141,-3.312,-414.0,0.752,94.0,1.0,0.256,32.0,10.0,0.15
0,random,657,-3.5267175572519083,-462.0,1.1603053435114503,152.0,1.0,0.2366412213740458,31.0,10.0,0.9
0,random,147,-2.9274193548387095,-363.0,0.75,93.0,1.0,0.21774193548387097,27.0,10.0,0.15
0,random,663,-4.0703125,-521.0,1.1015625,141.0,1.0,0.296875,38.0,10.0,0.9
0,random,153,-4.774774774774775,-530.0,0.7207207207207207,80.0,1.0,0.40540540540540543,45.0,10.0,0.15
0,random,669,-4.285714285714286,-570.0,1.1278195488721805,150.0,1.0,0.3157894736842105,42.0,10.0,0.9
0,random,159,-4.666666666666667,-546.0,0.7350427350427351,86.0,1.0,0.39316239316239315,46.0,10.0,0.15
0,random,675,-3.9307692307692306,-511.0,1.1615384615384616,151.0,1.0,0.27692307692307694,36.0,10.0,0.9
0,random,165,-3.982905982905983,-466.0,0.7350427350427351,86.0,1.0,0.3247863247863248,38.0,10.0,0.15
0,random,681,-3.443609022556391,-458.0,1.1879699248120301,158.0,1.0,0.22556390977443608,30.0,10.0,0.9
0,random,171,-4.672,-584.0,0.752,94.0,1.0,0.392,49.0,10.0,0.15
0,random,687,-4.549180327868853,-555.0,0.9426229508196722,115.0,1.0,0.36065573770491804,44.0,10.0,0.9
0,random,177,-3.748031496062992,-476.0,0.7559055118110236,96.0,1.0,0.2992125984251969,38.0,10.0,0.15
0,random,693,-3.223021582733813,-448.0,1.3525179856115108,188.0,1.0,0.18705035971223022,26.0,10.0,0.9
0,random,183,-3.392,-424.0,0.752,94.0,1.0,0.264,33.0,10.0,0.15
0,random,699,-3.089430894308943,-380.0,1.1382113821138211,140.0,1.0,0.1951219512195122,24.0,10.0,0.9
0,random,189,-4.0458015267175576,-530.0,0.7633587786259542,100.0,1.0,0.3282442748091603,43.0,10.0,0.15
0,random,705,-4.598290598290598,-538.0,1.0085470085470085,118.0,1.0,0.358974358974359,42.0,10.0,0.9
0,random,195,-3.748031496062992,-476.0,0.7559055118110236,96.0,1.0,0.2992125984251969,38.0,10.0,0.15
0,random,711,-3.5327868852459017,-431.0,1.0737704918032787,131.0,1.0,0.2459016393442623,30.0,10.0,0.9
0,random,201,-4.032,-504.0,0.752,94.0,1.0,0.328,41.0,10.0,0.15
0,random,717,-3.050724637681159,-421.0,1.2391304347826086,171.0,1.0,0.18115942028985507,25.0,10.0,0.9
0,random,207,-4.3515625,-557.0,0.7578125,97.0,1.0,0.359375,46.0,10.0,0.15
0,random,723,-3.5555555555555554,-480.0,1.1851851851851851,160.0,1.0,0.23703703703703705,32.0,10.0,0.95
0,random,213,-3.2605042016806722,-388.0,0.7394957983193278,88.0,1.0,0.25210084033613445,30.0,10.0,0.15
0,random,729,-3.3282442748091605,-436.0,1.1908396946564885,156.0,1.0,0.21374045801526717,28.0,10.0,0.95
0,random,219,-3.6186440677966103,-427.0,0.7372881355932204,87.0,1.0,0.288135593220339,34.0,10.0,0.15
0,random,735,-3.108695652173913,-429.0,1.2971014492753623,179.0,1.0,0.18115942028985507,25.0,10.0,0.95
0,random,225,-5.114035087719298,-583.0,0.7280701754385965,83.0,1.0,0.43859649122807015,50.0,10.0,0.15
0,random,741,-3.782258064516129,-469.0,1.0403225806451613,129.0,1.0,0.27419354838709675,34.0,10.0,0.95
0,random,231,-3.411290322580645,-423.0,0.75,93.0,1.0,0.2661290322580645,33.0,10.0,0.15
0,random,747,-2.549618320610687,-334.0,1.099236641221374,144.0,1.0,0.1450381679389313,19.0,10.0,0.95
0,random,237,-3.5725806451612905,-443.0,0.75,93.0,1.0,0.28225806451612906,35.0,10.0,0.15
0,random,753,-3.007575757575758,-397.0,1.1893939393939394,157.0,1.0,0.18181818181818182,24.0,10.0,0.95
0,random,243,-2.843283582089552,-381.0,1.126865671641791,151.0,1.0,0.17164179104477612,23.0,10.0,0.3
0,random,759,-3.574626865671642,-479.0,1.335820895522388,179.0,1.0,0.22388059701492538,30.0,10.0,0.95
0,random,249,-3.7890625,-485.0,1.1328125,145.0,1.0,0.265625,34.0,10.0,0.3
0,random,765,-3.2803030303030303,-433.0,1.3106060606060606,173.0,1.0,0.19696969696969696,26.0,10.0,0.95
0,random,255,-3.475806451612903,-431.0,1.1370967741935485,141.0,1.0,0.23387096774193547,29.0,10.0,0.3
0,random,771,-4.064,-508.0,1.104,138.0,1.0,0.296,37.0,10.0,0.95
0,random,261,-3.5634920634920637,-449.0,1.1031746031746033,139.0,1.0,0.24603174603174602,31.0,10.0,0.3
0,random,777,-3.816793893129771,-500.0,1.2213740458015268,160.0,1.0,0.2595419847328244,34.0,10.0,0.95
0,random,267,-2.8661417322834644,-364.0,1.1338582677165354,144.0,1.0,0.1732283464566929,22.0,10.0,0.3
0,random,783,-3.4642857142857144,-485.0,1.4642857142857142,205.0,1.0,0.2,28.0,10.0,0.95
0,random,273,-3.37984496124031,-436.0,1.1317829457364341,146.0,1.0,0.2248062015503876,29.0,10.0,0.3
0,random,789,-3.145038167938931,-412.0,1.1603053435114503,152.0,1.0,0.1984732824427481,26.0,10.0,0.95
0,random,279,-3.524193548387097,-437.0,1.1048387096774193,137.0,1.0,0.24193548387096775,30.0,10.0,0.3
0,random,795,-3.1693548387096775,-393.0,1.0725806451612903,133.0,1.0,0.20967741935483872,26.0,10.0,0.95
0,random,285,-2.802919708029197,-384.0,1.1240875912408759,154.0,1.0,0.1678832116788321,23.0,10.0,0.3
0,random,801,-3.355371900826446,-406.0,0.8760330578512396,106.0,1.0,0.24793388429752067,30.0,10.0,0.95
0,random,291,-3.628787878787879,-479.0,1.128787878787879,149.0,1.0,0.25,33.0,10.0,0.3
0,random,807,-4.314516129032258,-535.0,1.1693548387096775,145.0,1.0,0.31451612903225806,39.0,10.0,0.95
0,random,297,-3.2330827067669174,-430.0,1.1278195488721805,150.0,1.0,0.21052631578947367,28.0,10.0,0.3
0,random,813,-3.3388429752066116,-404.0,1.1074380165289257,134.0,1.0,0.2231404958677686,27.0,10.0,0.95
0,random,303,-4.104347826086957,-472.0,0.8,92.0,1.0,0.33043478260869563,38.0,10.0,0.3
0,random,819,-4.231404958677686,-512.0,1.0082644628099173,122.0,1.0,0.32231404958677684,39.0,10.0,0.95
0,random,309,-4.846774193548387,-601.0,1.1370967741935485,141.0,1.0,0.3709677419354839,46.0,10.0,0.3
0,random,825,-3.968,-496.0,1.008,126.0,1.0,0.296,37.0,10.0,0.95
0,random,315,-2.7686567164179103,-371.0,1.126865671641791,151.0,1.0,0.16417910447761194,22.0,10.0,0.3
0,random,831,-3.153284671532847,-432.0,1.1824817518248176,162.0,1.0,0.19708029197080293,27.0,10.0,0.95
0,random,321,-3.5546875,-455.0,1.1328125,145.0,1.0,0.2421875,31.0,10.0,0.3
0,random,837,-3.0254237288135593,-357.0,0.9067796610169492,107.0,1.0,0.211864406779661,25.0,10.0,0.95
0,random,327,-3.7674418604651163,-486.0,1.1317829457364341,146.0,1.0,0.26356589147286824,34.0,10.0,0.3
0,random,333,-3.073170731707317,-378.0,1.0406504065040652,128.0,1.0,0.2032520325203252,25.0,10.0,0.3
0,random,339,-4.071428571428571,-513.0,1.1349206349206349,143.0,1.0,0.29365079365079366,37.0,10.0,0.3
0,random,345,-3.7045454545454546,-489.0,1.128787878787879,149.0,1.0,0.25757575757575757,34.0,10.0,0.3
0,random,351,-3.877862595419847,-508.0,1.1297709923664123,148.0,1.0,0.2748091603053435,36.0,10.0,0.3
0,random,357,-3.772357723577236,-464.0,1.008130081300813,124.0,1.0,0.2764227642276423,34.0,10.0,0.3
0,random,363,-4.1796875,-535.0,1.1328125,145.0,1.0,0.3046875,39.0,10.0,0.45
0,random,369,-3.248,-406.0,1.168,146.0,1.0,0.208,26.0,10.0,0.45
0,random,375,-3.1953125,-409.0,1.1640625,149.0,1.0,0.203125,26.0,10.0,0.45
0,random,381,-3.066666666666667,-414.0,1.2148148148148148,164.0,1.0,0.18518518518518517,25.0,10.0,0.45
0,random,387,-2.7734375,-355.0,1.1328125,145.0,1.0,0.1640625,21.0,10.0,0.45
0,random,393,-3.748031496062992,-476.0,1.2283464566929134,156.0,1.0,0.25196850393700787,32.0,10.0,0.45
0,random,399,-4.408333333333333,-529.0,1.075,129.0,1.0,0.3333333333333333,40.0,10.0,0.45
0,random,405,-3.207692307692308,-417.0,1.1307692307692307,147.0,1.0,0.2076923076923077,27.0,10.0,0.45
0,random,411,-3.5121951219512195,-432.0,1.0731707317073171,132.0,1.0,0.24390243902439024,30.0,10.0,0.45
0,random,417,-3.1968503937007875,-406.0,1.2283464566929134,156.0,1.0,0.1968503937007874,25.0,10.0,0.45
0,random,423,-4.067226890756302,-484.0,1.0420168067226891,124.0,1.0,0.3025210084033613,36.0,10.0,0.45
0,random,429,-4.396694214876033,-532.0,1.0082644628099173,122.0,1.0,0.33884297520661155,41.0,10.0,0.45
0,random,435,-3.49618320610687,-458.0,1.4351145038167938,188.0,1.0,0.20610687022900764,27.0,10.0,0.45
0,random,441,-3.423076923076923,-445.0,1.1923076923076923,155.0,1.0,0.2230769230769231,29.0,10.0,0.45
0,random,447,-3.6147540983606556,-441.0,1.0737704918032787,131.0,1.0,0.2540983606557377,31.0,10.0,0.45
0,random,453,-2.4921875,-319.0,1.0078125,129.0,1.0,0.1484375,19.0,10.0,0.45
0,random,459,-3.5546875,-455.0,1.1328125,145.0,1.0,0.2421875,31.0,10.0,0.45
0,random,465,-3.8134328358208953,-511.0,1.4253731343283582,191.0,1.0,0.23880597014925373,32.0,10.0,0.45
0,random,471,-2.9477611940298507,-395.0,1.1567164179104477,155.0,1.0,0.1791044776119403,24.0,10.0,0.45
0,random,477,-3.3629032258064515,-417.0,1.1048387096774193,137.0,1.0,0.22580645161290322,28.0,10.0,0.45
0,random,483,-3.6640625,-469.0,1.3203125,169.0,1.0,0.234375,30.0,10.0,0.8
0,random,489,-3.891304347826087,-537.0,1.210144927536232,167.0,1.0,0.26811594202898553,37.0,10.0,0.8
0,random,495,-3.0598290598290596,-358.0,1.0085470085470085,118.0,1.0,0.20512820512820512,24.0,10.0,0.8
0,random,501,-3.488372093023256,-450.0,1.0077519379844961,130.0,1.0,0.24806201550387597,32.0,10.0,0.8
0,random,507,-2.962686567164179,-397.0,1.2462686567164178,167.0,1.0,0.17164179104477612,23.0,10.0,0.8
0,curr_edge,1,-2.018987341772152,-319.0,0.5,79.0,1.0,0.1518987341772152,24.0,10.0,0.05
0,curr_edge,517,-3.0316455696202533,-479.0,0.5,79.0,1.0,0.25316455696202533,40.0,10.0,0.8
0,curr_edge,7,-3.7278481012658227,-589.0,0.5,79.0,1.0,0.3227848101265823,51.0,10.0,0.05
0,curr_edge,523,-2.2088607594936707,-349.0,0.5,79.0,1.0,0.17088607594936708,27.0,10.0,0.8
0,curr_edge,13,-2.018987341772152,-319.0,0.5,79.0,1.0,0.1518987341772152,24.0,10.0,0.05
0,curr_edge,529,-3.348101265822785,-529.0,0.5,79.0,1.0,0.2848101265822785,45.0,10.0,0.8
0,curr_edge,19,-1.8291139240506329,-289.0,0.5,79.0,1.0,0.13291139240506328,21.0,10.0,0.05
0,curr_edge,535,-2.651898734177215,-419.0,0.5,79.0,1.0,0.21518987341772153,34.0,10.0,0.8
0,curr_edge,25,-0.9430379746835443,-149.0,0.5,79.0,1.0,0.04430379746835443,7.0,10.0,0.05
0,curr_edge,541,-2.0822784810126582,-329.0,0.5,79.0,1.0,0.15822784810126583,25.0,10.0,0.8
0,curr_edge,31,-2.3987341772151898,-379.0,0.5,79.0,1.0,0.189873417721519,30.0,10.0,0.05
0,curr_edge,547,-3.221518987341772,-509.0,0.5,79.0,1.0,0.2721518987341772,43.0,10.0,0.8
0,curr_edge,37,-3.0316455696202533,-479.0,0.5,79.0,1.0,0.25316455696202533,40.0,10.0,0.05
0,curr_edge,553,-2.2088607594936707,-349.0,0.5,79.0,1.0,0.17088607594936708,27.0,10.0,0.8
0,curr_edge,43,-2.2088607594936707,-349.0,0.5,79.0,1.0,0.17088607594936708,27.0,10.0,0.05
0,curr_edge,559,-2.3987341772151898,-379.0,0.5,79.0,1.0,0.189873417721519,30.0,10.0,0.8
0,curr_edge,49,-3.348101265822785,-529.0,0.5,79.0,1.0,0.2848101265822785,45.0,10.0,0.05
0,curr_edge,565,-3.348101265822785,-529.0,0.5,79.0,1.0,0.2848101265822785,45.0,10.0,0.8
0,curr_edge,55,-2.651898734177215,-419.0,0.5,79.0,1.0,0.21518987341772153,34.0,10.0,0.05
0,curr_edge,571,-2.0822784810126582,-329.0,0.5,79.0,1.0,0.15822784810126583,25.0,10.0,0.8
0,curr_edge,61,-2.0822784810126582,-329.0,0.5,79.0,1.0,0.15822784810126583,25.0,10.0,0.05
0,curr_edge,577,-3.348101265822785,-529.0,0.5,79.0,1.0,0.2848101265822785,45.0,10.0,0.8
0,curr_edge,67,-3.221518987341772,-509.0,0.5,79.0,1.0,0.2721518987341772,43.0,10.0,0.05
0,curr_edge,583,-3.7278481012658227,-589.0,0.5,79.0,1.0,0.3227848101265823,51.0,10.0,0.8
0,curr_edge,73,-2.2088607594936707,-349.0,0.5,79.0,1.0,0.17088607594936708,27.0,10.0,0.05
0,curr_edge,589,-2.651898734177215,-419.0,0.5,79.0,1.0,0.21518987341772153,34.0,10.0,0.8
0,curr_edge,79,-2.3987341772151898,-379.0,0.5,79.0,1.0,0.189873417721519,30.0,10.0,0.05
0,curr_edge,595,-2.2721518987341773,-359.0,0.5,79.0,1.0,0.17721518987341772,28.0,10.0,0.8
0,curr_edge,85,-3.348101265822785,-529.0,0.5,79.0,1.0,0.2848101265822785,45.0,10.0,0.05
0,curr_edge,601,-2.018987341772152,-319.0,0.5,79.0,1.0,0.1518987341772152,24.0,10.0,0.9
0,curr_edge,91,-2.0822784810126582,-329.0,0.5,79.0,1.0,0.15822784810126583,25.0,10.0,0.05
0,curr_edge,607,-3.7278481012658227,-589.0,0.5,79.0,1.0,0.3227848101265823,51.0,10.0,0.9
0,curr_edge,97,-3.348101265822785,-529.0,0.5,79.0,1.0,0.2848101265822785,45.0,10.0,0.05
0,curr_edge,613,-2.018987341772152,-319.0,0.5,79.0,1.0,0.1518987341772152,24.0,10.0,0.9
0,curr_edge,103,-3.7278481012658227,-589.0,0.5,79.0,1.0,0.3227848101265823,51.0,10.0,0.05
0,curr_edge,619,-1.8291139240506329,-289.0,0.5,79.0,1.0,0.13291139240506328,21.0,10.0,0.9
0,curr_edge,109,-2.651898734177215,-419.0,0.5,79.0,1.0,0.21518987341772153,34.0,10.0,0.05
0,curr_edge,625,-0.9430379746835443,-149.0,0.5,79.0,1.0,0.04430379746835443,7.0,10.0,0.9
0,curr_edge,115,-2.2721518987341773,-359.0,0.5,79.0,1.0,0.17721518987341772,28.0,10.0,0.05
0,curr_edge,631,-2.3987341772151898,-379.0,0.5,79.0,1.0,0.189873417721519,30.0,10.0,0.9
0,curr_edge,121,-2.018987341772152,-319.0,0.5,79.0,1.0,0.1518987341772152,24.0,10.0,0.15
0,curr_edge,637,-3.0316455696202533,-479.0,0.5,79.0,1.0,0.25316455696202533,40.0,10.0,0.9
0,curr_edge,127,-3.7278481012658227,-589.0,0.5,79.0,1.0,0.3227848101265823,51.0,10.0,0.15
0,curr_edge,643,-2.2088607594936707,-349.0,0.5,79.0,1.0,0.17088607594936708,27.0,10.0,0.9
0,curr_edge,133,-2.018987341772152,-319.0,0.5,79.0,1.0,0.1518987341772152,24.0,10.0,0.15
0,curr_edge,649,-3.348101265822785,-529.0,0.5,79.0,1.0,0.2848101265822785,45.0,10.0,0.9
0,curr_edge,139,-1.8291139240506329,-289.0,0.5,79.0,1.0,0.13291139240506328,21.0,10.0,0.15
0,curr_edge,655,-2.651898734177215,-419.0,0.5,79.0,1.0,0.21518987341772153,34.0,10.0,0.9
0,curr_edge,145,-0.9430379746835443,-149.0,0.5,79.0,1.0,0.04430379746835443,7.0,10.0,0.15
0,curr_edge,661,-2.0822784810126582,-329.0,0.5,79.0,1.0,0.15822784810126583,25.0,10.0,0.9
0,curr_edge,151,-2.3987341772151898,-379.0,0.5,79.0,1.0,0.189873417721519,30.0,10.0,0.15
0,curr_edge,667,-3.221518987341772,-509.0,0.5,79.0,1.0,0.2721518987341772,43.0,10.0,0.9
0,curr_edge,157,-3.0316455696202533,-479.0,0.5,79.0,1.0,0.25316455696202533,40.0,10.0,0.15
0,curr_edge,673,-2.2088607594936707,-349.0,0.5,79.0,1.0,0.17088607594936708,27.0,10.0,0.9
0,curr_edge,163,-2.2088607594936707,-349.0,0.5,79.0,1.0,0.17088607594936708,27.0,10.0,0.15
0,curr_edge,679,-2.3987341772151898,-379.0,0.5,79.0,1.0,0.189873417721519,30.0,10.0,0.9
0,curr_edge,169,-3.348101265822785,-529.0,0.5,79.0,1.0,0.2848101265822785,45.0,10.0,0.15
0,curr_edge,685,-3.348101265822785,-529.0,0.5,79.0,1.0,0.2848101265822785,45.0,10.0,0.9
0,curr_edge,175,-2.651898734177215,-419.0,0.5,79.0,1.0,0.21518987341772153,34.0,10.0,0.15
0,curr_edge,691,-2.0822784810126582,-329.0,0.5,79.0,1.0,0.15822784810126583,25.0,10.0,0.9
0,curr_edge,181,-2.0822784810126582,-329.0,0.5,79.0,1.0,0.15822784810126583,25.0,10.0,0.15
0,curr_edge,697,-3.348101265822785,-529.0,0.5,79.0,1.0,0.2848101265822785,45.0,10.0,0.9
0,curr_edge,187,-3.221518987341772,-509.0,0.5,79.0,1.0,0.2721518987341772,43.0,10.0,0.15
0,curr_edge,703,-3.7278481012658227,-589.0,0.5,79.0,1.0,0.3227848101265823,51.0,10.0,0.9
0,curr_edge,193,-2.2088607594936707,-349.0,0.5,79.0,1.0,0.17088607594936708,27.0,10.0,0.15
0,curr_edge,709,-2.651898734177215,-419.0,0.5,79.0,1.0,0.21518987341772153,34.0,10.0,0.9
0,curr_edge,199,-2.3987341772151898,-379.0,0.5,79.0,1.0,0.189873417721519,30.0,10.0,0.15
0,curr_edge,715,-2.2721518987341773,-359.0,0.5,79.0,1.0,0.17721518987341772,28.0,10.0,0.9
0,curr_edge,205,-3.348101265822785,-529.0,0.5,79.0,1.0,0.2848101265822785,45.0,10.0,0.15
0,curr_edge,721,-2.018987341772152,-319.0,0.5,79.0,1.0,0.1518987341772152,24.0,10.0,0.95
0,curr_edge,211,-2.0822784810126582,-329.0,0.5,79.0,1.0,0.15822784810126583,25.0,10.0,0.15
0,curr_edge,727,-3.7278481012658227,-589.0,0.5,79.0,1.0,0.3227848101265823,51.0,10.0,0.95
0,curr_edge,217,-3.348101265822785,-529.0,0.5,79.0,1.0,0.2848101265822785,45.0,10.0,0.15
0,curr_edge,733,-2.018987341772152,-319.0,0.5,79.0,1.0,0.1518987341772152,24.0,10.0,0.95
0,curr_edge,223,-3.7278481012658227,-589.0,0.5,79.0,1.0,0.3227848101265823,51.0,10.0,0.15
0,curr_edge,739,-1.8291139240506329,-289.0,0.5,79.0,1.0,0.13291139240506328,21.0,10.0,0.95
0,curr_edge,229,-2.651898734177215,-419.0,0.5,79.0,1.0,0.21518987341772153,34.0,10.0,0.15
0,curr_edge,745,-0.9430379746835443,-149.0,0.5,79.0,1.0,0.04430379746835443,7.0,10.0,0.95
0,curr_edge,235,-2.2721518987341773,-359.0,0.5,79.0,1.0,0.17721518987341772,28.0,10.0,0.15
0,curr_edge,751,-2.3987341772151898,-379.0,0.5,79.0,1.0,0.189873417721519,30.0,10.0,0.95
0,curr_edge,241,-2.018987341772152,-319.0,0.5,79.0,1.0,0.1518987341772152,24.0,10.0,0.3
0,curr_edge,757,-3.0316455696202533,-479.0,0.5,79.0,1.0,0.25316455696202533,40.0,10.0,0.95
0,curr_edge,247,-3.7278481012658227,-589.0,0.5,79.0,1.0,0.3227848101265823,51.0,10.0,0.3
0,curr_edge,763,-2.2088607594936707,-349.0,0.5,79.0,1.0,0.17088607594936708,27.0,10.0,0.95
0,curr_edge,253,-2.018987341772152,-319.0,0.5,79.0,1.0,0.1518987341772152,24.0,10.0,0.3
0,curr_edge,769,-3.348101265822785,-529.0,0.5,79.0,1.0,0.2848101265822785,45.0,10.0,0.95
0,curr_edge,259,-1.8291139240506329,-289.0,0.5,79.0,1.0,0.13291139240506328,21.0,10.0,0.3
0,curr_edge,775,-2.651898734177215,-419.0,0.5,79.0,1.0,0.21518987341772153,34.0,10.0,0.95
0,curr_edge,265,-0.9430379746835443,-149.0,0.5,79.0,1.0,0.04430379746835443,7.0,10.0,0.3
0,curr_edge,781,-2.0822784810126582,-329.0,0.5,79.0,1.0,0.15822784810126583,25.0,10.0,0.95
0,curr_edge,271,-2.3987341772151898,-379.0,0.5,79.0,1.0,0.189873417721519,30.0,10.0,0.3
0,curr_edge,787,-3.221518987341772,-509.0,0.5,79.0,1.0,0.2721518987341772,43.0,10.0,0.95
0,curr_edge,277,-3.0316455696202533,-479.0,0.5,79.0,1.0,0.25316455696202533,40.0,10.0,0.3
0,curr_edge,793,-2.2088607594936707,-349.0,0.5,79.0,1.0,0.17088607594936708,27.0,10.0,0.95
0,curr_edge,283,-2.2088607594936707,-349.0,0.5,79.0,1.0,0.17088607594936708,27.0,10.0,0.3
0,curr_edge,799,-2.3987341772151898,-379.0,0.5,79.0,1.0,0.189873417721519,30.0,10.0,0.95
0,curr_edge,289,-3.348101265822785,-529.0,0.5,79.0,1.0,0.2848101265822785,45.0,10.0,0.3
0,curr_edge,805,-3.348101265822785,-529.0,0.5,79.0,1.0,0.2848101265822785,45.0,10.0,0.95
0,curr_edge,295,-2.651898734177215,-419.0,0.5,79.0,1.0,0.21518987341772153,34.0,10.0,0.3
0,curr_edge,811,-2.0822784810126582,-329.0,0.5,79.0,1.0,0.15822784810126583,25.0,10.0,0.95
0,curr_edge,301,-2.0822784810126582,-329.0,0.5,79.0,1.0,0.15822784810126583,25.0,10.0,0.3
0,curr_edge,817,-3.348101265822785,-529.0,0.5,79.0,1.0,0.2848101265822785,45.0,10.0,0.95
0,curr_edge,307,-3.221518987341772,-509.0,0.5,79.0,1.0,0.2721518987341772,43.0,10.0,0.3
0,curr_edge,823,-3.7278481012658227,-589.0,0.5,79.0,1.0,0.3227848101265823,51.0,10.0,0.95
0,curr_edge,313,-2.2088607594936707,-349.0,0.5,79.0,1.0,0.17088607594936708,27.0,10.0,0.3
0,curr_edge,829,-2.651898734177215,-419.0,0.5,79.0,1.0,0.21518987341772153,34.0,10.0,0.95
0,curr_edge,319,-2.3987341772151898,-379.0,0.5,79.0,1.0,0.189873417721519,30.0,10.0,0.3
0,curr_edge,835,-2.2721518987341773,-359.0,0.5,79.0,1.0,0.17721518987341772,28.0,10.0,0.95
0,curr_edge,325,-3.348101265822785,-529.0,0.5,79.0,1.0,0.2848101265822785,45.0,10.0,0.3
0,curr_edge,331,-2.0822784810126582,-329.0,0.5,79.0,1.0,0.15822784810126583,25.0,10.0,0.3
0,curr_edge,337,-3.348101265822785,-529.0,0.5,79.0,1.0,0.2848101265822785,45.0,10.0,0.3
0,curr_edge,343,-3.7278481012658227,-589.0,0.5,79.0,1.0,0.3227848101265823,51.0,10.0,0.3
0,curr_edge,349,-2.651898734177215,-419.0,0.5,79.0,1.0,0.21518987341772153,34.0,10.0,0.3
0,curr_edge,355,-2.2721518987341773,-359.0,0.5,79.0,1.0,0.17721518987341772,28.0,10.0,0.3
0,curr_edge,361,-2.018987341772152,-319.0,0.5,79.0,1.0,0.1518987341772152,24.0,10.0,0.45
0,curr_edge,367,-3.7278481012658227,-589.0,0.5,79.0,1.0,0.3227848101265823,51.0,10.0,0.45
0,curr_edge,373,-2.018987341772152,-319.0,0.5,79.0,1.0,0.1518987341772152,24.0,10.0,0.45
0,curr_edge,379,-1.8291139240506329,-289.0,0.5,79.0,1.0,0.13291139240506328,21.0,10.0,0.45
0,curr_edge,385,-0.9430379746835443,-149.0,0.5,79.0,1.0,0.04430379746835443,7.0,10.0,0.45
0,curr_edge,391,-2.3987341772151898,-379.0,0.5,79.0,1.0,0.189873417721519,30.0,10.0,0.45
0,curr_edge,397,-3.0316455696202533,-479.0,0.5,79.0,1.0,0.25316455696202533,40.0,10.0,0.45
0,curr_edge,403,-2.2088607594936707,-349.0,0.5,79.0,1.0,0.17088607594936708,27.0,10.0,0.45
0,curr_edge,409,-3.348101265822785,-529.0,0.5,79.0,1.0,0.2848101265822785,45.0,10.0,0.45
0,curr_edge,415,-2.651898734177215,-419.0,0.5,79.0,1.0,0.21518987341772153,34.0,10.0,0.45
0,curr_edge,421,-2.0822784810126582,-329.0,0.5,79.0,1.0,0.15822784810126583,25.0,10.0,0.45
0,curr_edge,427,-3.221518987341772,-509.0,0.5,79.0,1.0,0.2721518987341772,43.0,10.0,0.45
0,curr_edge,433,-2.2088607594936707,-349.0,0.5,79.0,1.0,0.17088607594936708,27.0,10.0,0.45
0,curr_edge,439,-2.3987341772151898,-379.0,0.5,79.0,1.0,0.189873417721519,30.0,10.0,0.45
0,curr_edge,445,-3.348101265822785,-529.0,0.5,79.0,1.0,0.2848101265822785,45.0,10.0,0.45
0,curr_edge,451,-2.0822784810126582,-329.0,0.5,79.0,1.0,0.15822784810126583,25.0,10.0,0.45
0,curr_edge,457,-3.348101265822785,-529.0,0.5,79.0,1.0,0.2848101265822785,45.0,10.0,0.45
0,curr_edge,463,-3.7278481012658227,-589.0,0.5,79.0,1.0,0.3227848101265823,51.0,10.0,0.45
0,curr_edge,469,-2.651898734177215,-419.0,0.5,79.0,1.0,0.21518987341772153,34.0,10.0,0.45
0,curr_edge,475,-2.2721518987341773,-359.0,0.5,79.0,1.0,0.17721518987341772,28.0,10.0,0.45
0,curr_edge,481,-2.018987341772152,-319.0,0.5,79.0,1.0,0.1518987341772152,24.0,10.0,0.8
0,curr_edge,487,-3.7278481012658227,-589.0,0.5,79.0,1.0,0.3227848101265823,51.0,10.0,0.8
0,curr_edge,493,-2.018987341772152,-319.0,0.5,79.0,1.0,0.1518987341772152,24.0,10.0,0.8
0,curr_edge,499,-1.8291139240506329,-289.0,0.5,79.0,1.0,0.13291139240506328,21.0,10.0,0.8
0,curr_edge,505,-0.9430379746835443,-149.0,0.5,79.0,1.0,0.04430379746835443,7.0,10.0,0.8
0,curr_edge,511,-2.3987341772151898,-379.0,0.5,79.0,1.0,0.189873417721519,30.0,10.0,0.8
0,threshold-0.5,514,-2.2578947368421054,-429.0,1.2578947368421052,239.0,1.0,0.1,19.0,10.0,0.8
0,threshold-0.5,4,-2.0308641975308643,-329.0,0.6111111111111112,99.0,1.0,0.1419753086419753,23.0,10.0,0.05
0,threshold-0.5,520,-2.6069651741293534,-524.0,1.462686567164179,294.0,1.0,0.11442786069651742,23.0,10.0,0.8
0,threshold-0.5,10,-3.697530864197531,-599.0,0.6111111111111112,99.0,1.0,0.30864197530864196,50.0,10.0,0.05
0,threshold-0.5,526,-2.0913978494623655,-389.0,1.1774193548387097,219.0,1.0,0.0913978494623656,17.0,10.0,0.8
0,threshold-0.5,16,-2.0308641975308643,-329.0,0.6111111111111112,99.0,1.0,0.1419753086419753,23.0,10.0,0.05
0,threshold-0.5,532,-2.855721393034826,-574.0,1.462686567164179,294.0,1.0,0.13930348258706468,28.0,10.0,0.8
0,threshold-0.5,22,-1.845679012345679,-299.0,0.6111111111111112,99.0,1.0,0.12345679012345678,20.0,10.0,0.05
0,threshold-0.5,538,-2.3385416666666665,-449.0,1.296875,249.0,1.0,0.10416666666666667,20.0,10.0,0.8
0,threshold-0.5,28,-0.9814814814814815,-159.0,0.6111111111111112,99.0,1.0,0.037037037037037035,6.0,10.0,0.05
0,threshold-0.5,544,-1.9175824175824177,-349.0,1.0934065934065933,199.0,1.0,0.08241758241758242,15.0,10.0,0.8
0,threshold-0.5,34,-2.4012345679012346,-389.0,0.6111111111111112,99.0,1.0,0.17901234567901234,29.0,10.0,0.05
0,threshold-0.5,550,-2.766839378238342,-534.0,1.3160621761658031,254.0,1.0,0.14507772020725387,28.0,10.0,0.8
0,threshold-0.5,40,-3.080246913580247,-499.0,0.6111111111111112,99.0,1.0,0.24691358024691357,40.0,10.0,0.05
0,threshold-0.5,556,-2.0824175824175826,-379.0,1.0934065934065933,199.0,1.0,0.0989010989010989,18.0,10.0,0.8
0,threshold-0.5,46,-2.2160493827160495,-359.0,0.6111111111111112,99.0,1.0,0.16049382716049382,26.0,10.0,0.05
0,threshold-0.5,562,-2.015957446808511,-379.0,1.2180851063829787,229.0,1.0,0.0797872340425532,15.0,10.0,0.8
0,threshold-0.5,52,-3.265432098765432,-529.0,0.6111111111111112,99.0,1.0,0.2654320987654321,43.0,10.0,0.05
0,threshold-0.5,568,-2.7897435897435896,-544.0,1.353846153846154,264.0,1.0,0.14358974358974358,28.0,10.0,0.8
0,threshold-0.5,58,-2.6481481481481484,-429.0,0.6111111111111112,99.0,1.0,0.2037037037037037,33.0,10.0,0.05
0,threshold-0.5,574,-1.8833333333333333,-339.0,1.05,189.0,1.0,0.08333333333333333,15.0,10.0,0.8
0,threshold-0.5,64,-2.0925925925925926,-339.0,0.6111111111111112,99.0,1.0,0.14814814814814814,24.0,10.0,0.05
0,threshold-0.5,580,-2.6985645933014353,-564.0,1.5980861244019138,334.0,1.0,0.11004784688995216,23.0,10.0,0.8
0,threshold-0.5,70,-3.2037037037037037,-519.0,0.6111111111111112,99.0,1.0,0.25925925925925924,42.0,10.0,0.05
0,threshold-0.5,586,-2.917874396135266,-604.0,1.565217391304348,324.0,1.0,0.13526570048309178,28.0,10.0,0.8
0,threshold-0.5,76,-2.2160493827160495,-359.0,0.6111111111111112,99.0,1.0,0.16049382716049382,26.0,10.0,0.05
0,threshold-0.5,592,-2.2487046632124352,-434.0,1.3160621761658031,254.0,1.0,0.09326424870466321,18.0,10.0,0.8
0,threshold-0.5,82,-2.4012345679012346,-389.0,0.6111111111111112,99.0,1.0,0.17901234567901234,29.0,10.0,0.05
0,threshold-0.5,598,-2.1373626373626373,-389.0,1.0934065934065933,199.0,1.0,0.1043956043956044,19.0,10.0,0.8
0,threshold-0.5,88,-3.265432098765432,-529.0,0.6111111111111112,99.0,1.0,0.2654320987654321,43.0,10.0,0.05
0,threshold-0.5,604,-1.8277777777777777,-329.0,1.05,189.0,1.0,0.07777777777777778,14.0,10.0,0.9
0,threshold-0.5,94,-2.0925925925925926,-339.0,0.6111111111111112,99.0,1.0,0.14814814814814814,24.0,10.0,0.05
0,threshold-0.5,610,-3.095,-619.0,1.445,289.0,1.0,0.165,33.0,10.0,0.9
0,threshold-0.5,100,-3.265432098765432,-529.0,0.6111111111111112,99.0,1.0,0.2654320987654321,43.0,10.0,0.05
0,threshold-0.5,616,-1.8277777777777777,-329.0,1.05,189.0,1.0,0.07777777777777778,14.0,10.0,0.9
0,threshold-0.5,106,-3.6358024691358026,-589.0,0.6111111111111112,99.0,1.0,0.30246913580246915,49.0,10.0,0.05
0,threshold-0.5,622,-1.6420454545454546,-289.0,0.9602272727272727,169.0,1.0,0.06818181818181818,12.0,10.0,0.9
0,threshold-0.5,112,-2.5864197530864197,-419.0,0.6111111111111112,99.0,1.0,0.19753086419753085,32.0,10.0,0.05
0,threshold-0.5,628,-0.9578313253012049,-159.0,0.7168674698795181,119.0,1.0,0.024096385542168676,4.0,10.0,0.9
0,threshold-0.5,118,-2.2777777777777777,-369.0,0.6111111111111112,99.0,1.0,0.16666666666666666,27.0,10.0,0.05
0,threshold-0.5,634,-2.2578947368421054,-429.0,1.2578947368421052,239.0,1.0,0.1,19.0,10.0,0.9
0,threshold-0.5,124,-1.9941176470588236,-339.0,0.8176470588235294,139.0,1.0,0.11764705882352941,20.0,10.0,0.15
0,threshold-0.5,640,-2.6069651741293534,-524.0,1.462686567164179,294.0,1.0,0.11442786069651742,23.0,10.0,0.9
0,threshold-0.5,130,-3.5823529411764707,-609.0,0.8176470588235294,139.0,1.0,0.27647058823529413,47.0,10.0,0.15
0,threshold-0.5,646,-2.0913978494623655,-389.0,1.1774193548387097,219.0,1.0,0.0913978494623656,17.0,10.0,0.9
0,threshold-0.5,136,-1.9941176470588236,-339.0,0.8176470588235294,139.0,1.0,0.11764705882352941,20.0,10.0,0.15
0,threshold-0.5,652,-2.855721393034826,-574.0,1.462686567164179,294.0,1.0,0.13930348258706468,28.0,10.0,0.9
0,threshold-0.5,142,-1.7588235294117647,-299.0,0.8176470588235294,139.0,1.0,0.09411764705882353,16.0,10.0,0.15
0,threshold-0.5,658,-2.3385416666666665,-449.0,1.296875,249.0,1.0,0.10416666666666667,20.0,10.0,0.9
0,threshold-0.5,148,-0.9578313253012049,-159.0,0.7168674698795181,119.0,1.0,0.024096385542168676,4.0,10.0,0.15
0,threshold-0.5,664,-1.9175824175824177,-349.0,1.0934065934065933,199.0,1.0,0.08241758241758242,15.0,10.0,0.9
0,threshold-0.5,154,-2.4058823529411764,-409.0,0.8176470588235294,139.0,1.0,0.1588235294117647,27.0,10.0,0.15
0,threshold-0.5,670,-2.766839378238342,-534.0,1.3160621761658031,254.0,1.0,0.14507772020725387,28.0,10.0,0.9
0,threshold-0.5,160,-2.9941176470588236,-509.0,0.8176470588235294,139.0,1.0,0.21764705882352942,37.0,10.0,0.15
0,threshold-0.5,676,-2.0824175824175826,-379.0,1.0934065934065933,199.0,1.0,0.0989010989010989,18.0,10.0,0.9
0,threshold-0.5,166,-2.2294117647058824,-379.0,0.8176470588235294,139.0,1.0,0.1411764705882353,24.0,10.0,0.15
0,threshold-0.5,682,-2.015957446808511,-379.0,1.2180851063829787,229.0,1.0,0.0797872340425532,15.0,10.0,0.9
0,threshold-0.5,172,-3.111764705882353,-529.0,0.8176470588235294,139.0,1.0,0.22941176470588234,39.0,10.0,0.15
0,threshold-0.5,688,-2.7897435897435896,-544.0,1.353846153846154,264.0,1.0,0.14358974358974358,28.0,10.0,0.9
0,threshold-0.5,178,-2.523529411764706,-429.0,0.8176470588235294,139.0,1.0,0.17058823529411765,29.0,10.0,0.15
0,threshold-0.5,694,-1.8833333333333333,-339.0,1.05,189.0,1.0,0.08333333333333333,15.0,10.0,0.9
0,threshold-0.5,184,-2.052941176470588,-349.0,0.8176470588235294,139.0,1.0,0.12352941176470589,21.0,10.0,0.15
0,threshold-0.5,700,-2.6985645933014353,-564.0,1.5980861244019138,334.0,1.0,0.11004784688995216,23.0,10.0,0.9
0,threshold-0.5,190,-3.1705882352941175,-539.0,0.8176470588235294,139.0,1.0,0.23529411764705882,40.0,10.0,0.15
0,threshold-0.5,706,-2.917874396135266,-604.0,1.565217391304348,324.0,1.0,0.13526570048309178,28.0,10.0,0.9
0,threshold-0.5,196,-2.2294117647058824,-379.0,0.8176470588235294,139.0,1.0,0.1411764705882353,24.0,10.0,0.15
0,threshold-0.5,712,-2.2487046632124352,-434.0,1.3160621761658031,254.0,1.0,0.09326424870466321,18.0,10.0,0.9
0,threshold-0.5,202,-2.288235294117647,-389.0,0.8176470588235294,139.0,1.0,0.14705882352941177,25.0,10.0,0.15
0,threshold-0.5,718,-2.1373626373626373,-389.0,1.0934065934065933,199.0,1.0,0.1043956043956044,19.0,10.0,0.9
0,threshold-0.5,208,-3.111764705882353,-529.0,0.8176470588235294,139.0,1.0,0.22941176470588234,39.0,10.0,0.15
0,threshold-0.5,724,-1.8277777777777777,-329.0,1.05,189.0,1.0,0.07777777777777778,14.0,10.0,0.95
0,threshold-0.5,214,-2.052941176470588,-349.0,0.8176470588235294,139.0,1.0,0.12352941176470589,21.0,10.0,0.15
0,threshold-0.5,730,-3.095,-619.0,1.445,289.0,1.0,0.165,33.0,10.0,0.95
0,threshold-0.5,220,-3.111764705882353,-529.0,0.8176470588235294,139.0,1.0,0.22941176470588234,39.0,10.0,0.15
0,threshold-0.5,736,-1.8277777777777777,-329.0,1.05,189.0,1.0,0.07777777777777778,14.0,10.0,0.95
0,threshold-0.5,226,-3.4647058823529413,-589.0,0.8176470588235294,139.0,1.0,0.2647058823529412,45.0,10.0,0.15
0,threshold-0.5,742,-1.6420454545454546,-289.0,0.9602272727272727,169.0,1.0,0.06818181818181818,12.0,10.0,0.95
0,threshold-0.5,232,-2.4647058823529413,-419.0,0.8176470588235294,139.0,1.0,0.16470588235294117,28.0,10.0,0.15
0,threshold-0.5,748,-0.9578313253012049,-159.0,0.7168674698795181,119.0,1.0,0.024096385542168676,4.0,10.0,0.95
0,threshold-0.5,238,-2.2294117647058824,-379.0,0.8176470588235294,139.0,1.0,0.1411764705882353,24.0,10.0,0.15
0,threshold-0.5,754,-2.2578947368421054,-429.0,1.2578947368421052,239.0,1.0,0.1,19.0,10.0,0.95
0,threshold-0.5,244,-1.8277777777777777,-329.0,1.05,189.0,1.0,0.07777777777777778,14.0,10.0,0.3
0,threshold-0.5,760,-2.6069651741293534,-524.0,1.462686567164179,294.0,1.0,0.11442786069651742,23.0,10.0,0.95
0,threshold-0.5,250,-3.3461538461538463,-609.0,1.0934065934065933,199.0,1.0,0.22527472527472528,41.0,10.0,0.3
0,threshold-0.5,766,-2.0913978494623655,-389.0,1.1774193548387097,219.0,1.0,0.0913978494623656,17.0,10.0,0.95
0,threshold-0.5,256,-1.8277777777777777,-329.0,1.05,189.0,1.0,0.07777777777777778,14.0,10.0,0.3
0,threshold-0.5,772,-2.855721393034826,-574.0,1.462686567164179,294.0,1.0,0.13930348258706468,28.0,10.0,0.95
0,threshold-0.5,262,-1.6420454545454546,-289.0,0.9602272727272727,169.0,1.0,0.06818181818181818,12.0,10.0,0.3
0,threshold-0.5,778,-2.3385416666666665,-449.0,1.296875,249.0,1.0,0.10416666666666667,20.0,10.0,0.95
0,threshold-0.5,268,-0.9578313253012049,-159.0,0.7168674698795181,119.0,1.0,0.024096385542168676,4.0,10.0,0.3
0,threshold-0.5,784,-1.9175824175824177,-349.0,1.0934065934065933,199.0,1.0,0.08241758241758242,15.0,10.0,0.95
0,threshold-0.5,274,-2.357142857142857,-429.0,1.0934065934065933,199.0,1.0,0.12637362637362637,23.0,10.0,0.3
0,threshold-0.5,790,-2.766839378238342,-534.0,1.3160621761658031,254.0,1.0,0.14507772020725387,28.0,10.0,0.95
0,threshold-0.5,280,-2.8516483516483517,-519.0,1.0934065934065933,199.0,1.0,0.17582417582417584,32.0,10.0,0.3
0,threshold-0.5,796,-2.0824175824175826,-379.0,1.0934065934065933,199.0,1.0,0.0989010989010989,18.0,10.0,0.95
0,threshold-0.5,286,-2.1923076923076925,-399.0,1.0934065934065933,199.0,1.0,0.10989010989010989,20.0,10.0,0.3
0,threshold-0.5,802,-2.015957446808511,-379.0,1.2180851063829787,229.0,1.0,0.0797872340425532,15.0,10.0,0.95
0,threshold-0.5,292,-2.9615384615384617,-539.0,1.0934065934065933,199.0,1.0,0.18681318681318682,34.0,10.0,0.3
0,threshold-0.5,808,-2.7897435897435896,-544.0,1.353846153846154,264.0,1.0,0.14358974358974358,28.0,10.0,0.95
0,threshold-0.5,298,-2.412087912087912,-439.0,1.0934065934065933,199.0,1.0,0.13186813186813187,24.0,10.0,0.3
0,threshold-0.5,814,-1.8833333333333333,-339.0,1.05,189.0,1.0,0.08333333333333333,15.0,10.0,0.95
0,threshold-0.5,304,-1.9175824175824177,-349.0,1.0934065934065933,199.0,1.0,0.08241758241758242,15.0,10.0,0.3
0,threshold-0.5,820,-2.6985645933014353,-564.0,1.5980861244019138,334.0,1.0,0.11004784688995216,23.0,10.0,0.95
0,threshold-0.5,310,-2.9615384615384617,-539.0,1.0934065934065933,199.0,1.0,0.18681318681318682,34.0,10.0,0.3
0,threshold-0.5,826,-2.917874396135266,-604.0,1.565217391304348,324.0,1.0,0.13526570048309178,28.0,10.0,0.95
0,threshold-0.5,316,-2.1373626373626373,-389.0,1.0934065934065933,199.0,1.0,0.1043956043956044,19.0,10.0,0.3
0,threshold-0.5,832,-2.2487046632124352,-434.0,1.3160621761658031,254.0,1.0,0.09326424870466321,18.0,10.0,0.95
0,threshold-0.5,322,-2.1373626373626373,-389.0,1.0934065934065933,199.0,1.0,0.1043956043956044,19.0,10.0,0.3
0,threshold-0.5,838,-2.1373626373626373,-389.0,1.0934065934065933,199.0,1.0,0.1043956043956044,19.0,10.0,0.95
0,threshold-0.5,328,-2.9615384615384617,-539.0,1.0934065934065933,199.0,1.0,0.18681318681318682,34.0,10.0,0.3
0,threshold-0.5,334,-1.8833333333333333,-339.0,1.05,189.0,1.0,0.08333333333333333,15.0,10.0,0.3
0,threshold-0.5,340,-2.9065934065934065,-529.0,1.0934065934065933,199.0,1.0,0.1813186813186813,33.0,10.0,0.3
0,threshold-0.5,346,-3.3461538461538463,-609.0,1.0934065934065933,199.0,1.0,0.22527472527472528,41.0,10.0,0.3
0,threshold-0.5,352,-2.357142857142857,-429.0,1.0934065934065933,199.0,1.0,0.12637362637362637,23.0,10.0,0.3
0,threshold-0.5,358,-2.1373626373626373,-389.0,1.0934065934065933,199.0,1.0,0.1043956043956044,19.0,10.0,0.3
0,threshold-0.5,364,-1.8277777777777777,-329.0,1.05,189.0,1.0,0.07777777777777778,14.0,10.0,0.45
0,threshold-0.5,370,-3.1907216494845363,-619.0,1.3350515463917525,259.0,1.0,0.18556701030927836,36.0,10.0,0.45
0,threshold-0.5,376,-1.8277777777777777,-329.0,1.05,189.0,1.0,0.07777777777777778,14.0,10.0,0.45
0,threshold-0.5,382,-1.6420454545454546,-289.0,0.9602272727272727,169.0,1.0,0.06818181818181818,12.0,10.0,0.45
0,threshold-0.5,388,-0.9578313253012049,-159.0,0.7168674698795181,119.0,1.0,0.024096385542168676,4.0,10.0,0.45
0,threshold-0.5,394,-2.2578947368421054,-429.0,1.2578947368421052,239.0,1.0,0.1,19.0,10.0,0.45
0,threshold-0.5,400,-2.6752577319587627,-519.0,1.3350515463917525,259.0,1.0,0.13402061855670103,26.0,10.0,0.45
0,threshold-0.5,406,-2.0913978494623655,-389.0,1.1774193548387097,219.0,1.0,0.0913978494623656,17.0,10.0,0.45
0,threshold-0.5,412,-2.881443298969072,-559.0,1.3350515463917525,259.0,1.0,0.15463917525773196,30.0,10.0,0.45
0,threshold-0.5,418,-2.3385416666666665,-449.0,1.296875,249.0,1.0,0.10416666666666667,20.0,10.0,0.45
0,threshold-0.5,424,-1.9175824175824177,-349.0,1.0934065934065933,199.0,1.0,0.08241758241758242,15.0,10.0,0.45
0,threshold-0.5,430,-2.766839378238342,-534.0,1.3160621761658031,254.0,1.0,0.14507772020725387,28.0,10.0,0.45
0,threshold-0.5,436,-2.0824175824175826,-379.0,1.0934065934065933,199.0,1.0,0.0989010989010989,18.0,10.0,0.45
0,threshold-0.5,442,-2.015957446808511,-379.0,1.2180851063829787,229.0,1.0,0.0797872340425532,15.0,10.0,0.45
0,threshold-0.5,448,-2.7783505154639174,-539.0,1.3350515463917525,259.0,1.0,0.14432989690721648,28.0,10.0,0.45
0,threshold-0.5,454,-1.8833333333333333,-339.0,1.05,189.0,1.0,0.08333333333333333,15.0,10.0,0.45
0,threshold-0.5,460,-2.7268041237113403,-529.0,1.3350515463917525,259.0,1.0,0.13917525773195877,27.0,10.0,0.45
0,threshold-0.5,466,-3.1391752577319587,-609.0,1.3350515463917525,259.0,1.0,0.18041237113402062,35.0,10.0,0.45
0,threshold-0.5,472,-2.2487046632124352,-434.0,1.3160621761658031,254.0,1.0,0.09326424870466321,18.0,10.0,0.45
0,threshold-0.5,478,-2.1373626373626373,-389.0,1.0934065934065933,199.0,1.0,0.1043956043956044,19.0,10.0,0.45
0,threshold-0.5,484,-1.8277777777777777,-329.0,1.05,189.0,1.0,0.07777777777777778,14.0,10.0,0.8
0,threshold-0.5,490,-3.095,-619.0,1.445,289.0,1.0,0.165,33.0,10.0,0.8
0,threshold-0.5,496,-1.8277777777777777,-329.0,1.05,189.0,1.0,0.07777777777777778,14.0,10.0,0.8
0,threshold-0.5,502,-1.6420454545454546,-289.0,0.9602272727272727,169.0,1.0,0.06818181818181818,12.0,10.0,0.8
0,threshold-0.5,508,-0.9578313253012049,-159.0,0.7168674698795181,119.0,1.0,0.024096385542168676,4.0,10.0,0.8
